{
  "Logistic Regression": {
    "validation": {
      "accuracy": 0.6291,
      "precision": 0.6453070445676731,
      "recall": 0.6131928181108509,
      "f1": 0.6288401881316922,
      "confusion_matrix": [
        [
          3149,
          1727
        ],
        [
          1982,
          3142
        ]
      ]
    },
    "test": {
      "accuracy": 0.6200666666666667,
      "precision": 0.6405255878284923,
      "recall": 0.5990169447678179,
      "f1": 0.6190762649555511,
      "confusion_matrix": [
        [
          4670,
          2599
        ],
        [
          3100,
          4631
        ]
      ]
    }
  },
  "Random Forest": {
    "validation": {
      "accuracy": 0.9962,
      "precision": 0.9960983222785798,
      "recall": 0.9964871194379391,
      "f1": 0.9962926829268293,
      "confusion_matrix": [
        [
          4856,
          20
        ],
        [
          18,
          5106
        ]
      ]
    },
    "test": {
      "accuracy": 0.9958,
      "precision": 0.9966321243523316,
      "recall": 0.9952140732117449,
      "f1": 0.9959225940068605,
      "confusion_matrix": [
        [
          7243,
          26
        ],
        [
          37,
          7694
        ]
      ]
    }
  },
  "SVM": {
    "validation": {
      "accuracy": 0.7161,
      "precision": 0.7907864596589463,
      "recall": 0.6063622170179547,
      "f1": 0.6864022975809124,
      "confusion_matrix": [
        [
          4054,
          822
        ],
        [
          2017,
          3107
        ]
      ]
    },
    "test": {
      "accuracy": 0.706,
      "precision": 0.7875324675324675,
      "recall": 0.5882809468374078,
      "f1": 0.6734784540204354,
      "confusion_matrix": [
        [
          6042,
          1227
        ],
        [
          3183,
          4548
        ]
      ]
    }
  }
}