{
  "Logistic Regression": {
    "validation": {
      "accuracy": 0.7844408427876823,
      "precision": 0.0,
      "recall": 0.0,
      "f1": 0.0,
      "confusion_matrix": [
        [
          484,
          1
        ],
        [
          132,
          0
        ]
      ]
    },
    "test": {
      "accuracy": 0.7701040681173131,
      "precision": 0.4166666666666667,
      "recall": 0.2242152466367713,
      "f1": 0.2915451895043732,
      "confusion_matrix": [
        [
          764,
          70
        ],
        [
          173,
          50
        ]
      ]
    }
  },
  "Random Forest": {
    "validation": {
      "accuracy": 0.7763371150729336,
      "precision": 0.35,
      "recall": 0.05303030303030303,
      "f1": 0.09210526315789473,
      "confusion_matrix": [
        [
          472,
          13
        ],
        [
          125,
          7
        ]
      ]
    },
    "test": {
      "accuracy": 0.8278145695364238,
      "precision": 0.7662337662337663,
      "recall": 0.2645739910313901,
      "f1": 0.3933333333333333,
      "confusion_matrix": [
        [
          816,
          18
        ],
        [
          164,
          59
        ]
      ]
    }
  },
  "SVM": {
    "validation": {
      "accuracy": 0.779578606158833,
      "precision": 0.0,
      "recall": 0.0,
      "f1": 0.0,
      "confusion_matrix": [
        [
          481,
          4
        ],
        [
          132,
          0
        ]
      ]
    },
    "test": {
      "accuracy": 0.7795648060548723,
      "precision": 0.43243243243243246,
      "recall": 0.14349775784753363,
      "f1": 0.21548821548821548,
      "confusion_matrix": [
        [
          792,
          42
        ],
        [
          191,
          32
        ]
      ]
    }
  }
}