{
  "baseline": {
    "accuracy": 0.99,
    "f1_score": 0.9878640776699029,
    "precision": 0.9975490196078431,
    "recall": 0.9783653846153846,
    "auc": 0.9983082521074815,
    "training_time": 7.515418529510498,
    "epochs": 30
  },
  "federated": {
    "accuracy": 0.992,
    "f1_score": 0.9902912621359223,
    "precision": 1.0,
    "recall": 0.9807692307692307,
    "auc": 0.9977525684931506,
    "training_time": 6.84403133392334,
    "rounds": 6,
    "clients": 3
  },
  "differences": {
    "accuracy_diff": 0.0020000000000000018,
    "accuracy_diff_pct": 0.20202020202020218,
    "f1_diff": 0.0024271844660194164,
    "f1_diff_pct": 0.2457002457002456,
    "time_ratio": 0.9106653617558559,
    "time_overhead_pct": -8.933463824414412
  },
  "summary": {
    "better_approach": "federated",
    "accuracy_gap": 0.0020000000000000018,
    "training_efficiency": "federated"
  }
}