{
  "baseline": {
    "accuracy": 0.994,
    "f1_score": 0.9927710843373494,
    "precision": 0.9951690821256038,
    "recall": 0.9903846153846154,
    "auc": 0.9986622431506849,
    "training_time": 8.830819129943848,
    "epochs": 20
  },
  "federated": {
    "accuracy": 0.996,
    "f1_score": 0.9951807228915662,
    "precision": 0.9975845410628019,
    "recall": 0.9927884615384616,
    "auc": 0.9978719375658588,
    "training_time": 8.016493082046509,
    "rounds": 5,
    "clients": 3
  },
  "differences": {
    "accuracy_diff": 0.0020000000000000018,
    "accuracy_diff_pct": 0.20120724346076477,
    "f1_diff": 0.002409638554216831,
    "f1_diff_pct": 0.24271844660193803,
    "time_ratio": 0.9077858989166595,
    "time_overhead_pct": -9.22141010833405
  },
  "summary": {
    "better_approach": "federated",
    "accuracy_gap": 0.0020000000000000018,
    "training_efficiency": "federated"
  }
}