{
  "final_metrics": {
    "loss": 0.024389010449845552,
    "accuracy": 0.995,
    "precision": 1.0,
    "recall": 0.9879807692307693,
    "f1": 0.9939540507859734,
    "auc": 0.9990738606427818
  },
  "training_time": 1.9507513046264648,
  "epochs": 5,
  "train_losses": [
    0.08190991256549023,
    0.032146910133305936,
    0.028140286159468814,
    0.02452717993670376,
    0.022236587808001786
  ],
  "train_accuracies": [
    0.9739869934967483,
    0.9904952476238119,
    0.9907453726863432,
    0.9919959979989995,
    0.9937468734367184
  ],
  "val_losses": [
    0.033891446909697226,
    0.031174374698561484,
    0.032711586518590116,
    0.02291248044708655,
    0.024389010449845552
  ],
  "val_accuracies": [
    0.991,
    0.991,
    0.989,
    0.995,
    0.995
  ],
  "model_parameters": 68353
}